id,latitude,longitude,timestamp,confidence,frp,source,satellite
F001,17.385,78.486,2025-01-15T10:00:00,0.92,148.2,NASA_FIRMS,VIIRS
F002,17.401,78.495,2025-01-15T10:10:00,0.88,121.4,NASA_FIRMS,VIIRS
F003,17.393,78.501,2025-01-15T10:40:00,0.84,110.7,NASA_FIRMS,MODIS
F004,17.418,78.472,2025-01-15T11:00:00,0.79,102.3,NASA_FIRMS,VIIRS
F005,17.421,78.488,2025-01-15T11:30:00,0.73,91.1,NASA_FIRMS,VIIRS
F006,18.206,79.365,2025-01-15T09:50:00,0.91,136.5,NASA_FIRMS,VIIRS
F007,18.218,79.372,2025-01-15T10:20:00,0.87,118.8,NASA_FIRMS,VIIRS
F008,13.082,80.274,2025-01-15T12:10:00,0.69,74.9,NASA_FIRMS,MODIS
F009,13.088,80.281,2025-01-15T12:30:00,0.64,65.1,NASA_FIRMS,VIIRS
F010,13.094,80.289,2025-01-15T13:00:00,0.58,52.4,NASA_FIRMS,VIIRS
